scalelink-nginx-1,12.37%,10.61MiB / 15.72GiB
scalelink-app2-1,43.45%,38.69MiB / 15.72GiB
scalelink-app1-1,37.05%,35.4MiB / 15.72GiB
scalelink-redis-1,9.70%,5.301MiB / 15.72GiB
reverent_chandrasekhar,39.81%,38.59MiB / 15.72GiB
reverent_chandrasekhar,37.04%,43.33MiB / 15.72GiB
scalelink-nginx-1,10.97%,10.89MiB / 15.72GiB
scalelink-app2-1,34.79%,57.12MiB / 15.72GiB
scalelink-app1-1,37.54%,57.63MiB / 15.72GiB
scalelink-redis-1,6.07%,5.34MiB / 15.72GiB
reverent_chandrasekhar,38.15%,44.3MiB / 15.72GiB
scalelink-nginx-1,10.62%,10.85MiB / 15.72GiB
scalelink-app2-1,27.62%,59.65MiB / 15.72GiB
scalelink-app1-1,27.79%,59.7MiB / 15.72GiB
scalelink-redis-1,5.79%,4.852MiB / 15.72GiB
reverent_chandrasekhar,37.98%,45.04MiB / 15.72GiB
scalelink-nginx-1,10.94%,10.59MiB / 15.72GiB
scalelink-app2-1,29.09%,60.86MiB / 15.72GiB
scalelink-app1-1,20.42%,60.72MiB / 15.72GiB
scalelink-redis-1,8.59%,4.93MiB / 15.72GiB
reverent_chandrasekhar,39.88%,45.01MiB / 15.72GiB
scalelink-nginx-1,11.02%,10.93MiB / 15.72GiB
scalelink-app2-1,27.14%,60.97MiB / 15.72GiB
scalelink-app1-1,17.33%,60.79MiB / 15.72GiB
scalelink-redis-1,5.91%,4.723MiB / 15.72GiB
reverent_chandrasekhar,35.81%,45.22MiB / 15.72GiB
scalelink-nginx-1,10.21%,10.8MiB / 15.72GiB
scalelink-app2-1,23.85%,60.29MiB / 15.72GiB
scalelink-app1-1,15.90%,60.56MiB / 15.72GiB
scalelink-redis-1,6.07%,4.957MiB / 15.72GiB
reverent_chandrasekhar,39.64%,45.96MiB / 15.72GiB
scalelink-nginx-1,11.19%,10.56MiB / 15.72GiB
scalelink-app2-1,19.90%,60.15MiB / 15.72GiB
scalelink-app1-1,21.69%,60.57MiB / 15.72GiB
scalelink-redis-1,9.72%,5.09MiB / 15.72GiB
scalelink-app2-1,12.23%,59.83MiB / 15.72GiB
scalelink-app1-1,9.06%,60.05MiB / 15.72GiB
scalelink-redis-1,8.39%,5.156MiB / 15.72GiB
