scalelink-nginx-1,21.05%,11.57MiB / 15.72GiB
scalelink-app2-1,37.24%,64.52MiB / 15.72GiB
scalelink-app1-1,37.85%,73.22MiB / 15.72GiB
scalelink-redis-1,11.20%,44.54MiB / 15.72GiB
ecstatic_buck,62.55%,173.9MiB / 15.72GiB
ecstatic_buck,87.72%,212.2MiB / 15.72GiB
scalelink-nginx-1,32.19%,12.52MiB / 15.72GiB
scalelink-app2-1,57.68%,76.97MiB / 15.72GiB
scalelink-app1-1,59.79%,71.71MiB / 15.72GiB
scalelink-redis-1,12.44%,44.27MiB / 15.72GiB
ecstatic_buck,81.88%,234.9MiB / 15.72GiB
scalelink-nginx-1,32.08%,12.75MiB / 15.72GiB
scalelink-app2-1,55.00%,77.89MiB / 15.72GiB
scalelink-app1-1,62.44%,74.82MiB / 15.72GiB
scalelink-redis-1,13.17%,44.45MiB / 15.72GiB
ecstatic_buck,83.18%,235.7MiB / 15.72GiB
scalelink-nginx-1,33.10%,12.82MiB / 15.72GiB
scalelink-app2-1,59.44%,80.79MiB / 15.72GiB
scalelink-app1-1,60.74%,74.8MiB / 15.72GiB
scalelink-redis-1,12.96%,44.36MiB / 15.72GiB
ecstatic_buck,80.53%,248.2MiB / 15.72GiB
scalelink-nginx-1,40.35%,13.43MiB / 15.72GiB
scalelink-app2-1,69.65%,80.81MiB / 15.72GiB
scalelink-app1-1,56.78%,76.98MiB / 15.72GiB
scalelink-redis-1,13.23%,44.18MiB / 15.72GiB
ecstatic_buck,68.63%,250.4MiB / 15.72GiB
scalelink-nginx-1,33.29%,13.15MiB / 15.72GiB
scalelink-app2-1,57.87%,83.77MiB / 15.72GiB
scalelink-app1-1,59.62%,78.58MiB / 15.72GiB
scalelink-redis-1,13.63%,44.38MiB / 15.72GiB
ecstatic_buck,62.49%,253.4MiB / 15.72GiB
scalelink-nginx-1,31.93%,12.84MiB / 15.72GiB
scalelink-app2-1,57.34%,86.12MiB / 15.72GiB
scalelink-app1-1,58.92%,73.73MiB / 15.72GiB
scalelink-redis-1,15.53%,44.38MiB / 15.72GiB
ecstatic_buck,66.30%,253.4MiB / 15.72GiB
scalelink-nginx-1,32.83%,12.64MiB / 15.72GiB
scalelink-app2-1,52.52%,72.79MiB / 15.72GiB
scalelink-app1-1,60.39%,73.14MiB / 15.72GiB
scalelink-redis-1,14.18%,45.74MiB / 15.72GiB
ecstatic_buck,66.44%,254.2MiB / 15.72GiB
scalelink-nginx-1,32.32%,12.56MiB / 15.72GiB
scalelink-app2-1,59.67%,69.9MiB / 15.72GiB
scalelink-app1-1,56.13%,72.4MiB / 15.72GiB
scalelink-redis-1,15.20%,44.09MiB / 15.72GiB
