scalelink-nginx-1,10.52%,11.06MiB / 15.72GiB
scalelink-app2-1,49.62%,43.91MiB / 15.72GiB
scalelink-app1-1,49.50%,44.53MiB / 15.72GiB
scalelink-redis-1,7.81%,4.246MiB / 15.72GiB
relaxed_perlman,35.49%,57.16MiB / 15.72GiB
relaxed_perlman,40.82%,59.9MiB / 15.72GiB
scalelink-nginx-1,11.06%,11.31MiB / 15.72GiB
scalelink-app2-1,46.83%,57.68MiB / 15.72GiB
scalelink-app1-1,46.78%,58.65MiB / 15.72GiB
scalelink-redis-1,12.19%,6.051MiB / 15.72GiB
relaxed_perlman,41.25%,73.15MiB / 15.72GiB
scalelink-nginx-1,11.20%,11MiB / 15.72GiB
scalelink-app2-1,39.16%,59.11MiB / 15.72GiB
scalelink-app1-1,39.42%,59.79MiB / 15.72GiB
scalelink-redis-1,10.60%,5.148MiB / 15.72GiB
relaxed_perlman,38.53%,73.64MiB / 15.72GiB
scalelink-nginx-1,9.91%,11MiB / 15.72GiB
scalelink-app2-1,31.11%,60.28MiB / 15.72GiB
scalelink-app1-1,31.19%,59.68MiB / 15.72GiB
scalelink-redis-1,12.21%,5.5MiB / 15.72GiB
relaxed_perlman,35.10%,73.64MiB / 15.72GiB
scalelink-nginx-1,11.30%,10.91MiB / 15.72GiB
scalelink-app2-1,30.29%,58.48MiB / 15.72GiB
scalelink-app1-1,28.22%,59.89MiB / 15.72GiB
scalelink-redis-1,10.16%,5.688MiB / 15.72GiB
relaxed_perlman,35.20%,73.88MiB / 15.72GiB
scalelink-nginx-1,10.16%,10.98MiB / 15.72GiB
scalelink-app2-1,24.22%,58.78MiB / 15.72GiB
scalelink-app1-1,24.82%,59.46MiB / 15.72GiB
scalelink-redis-1,10.08%,5.52MiB / 15.72GiB
relaxed_perlman,36.28%,75.36MiB / 15.72GiB
scalelink-nginx-1,10.55%,11.16MiB / 15.72GiB
scalelink-app2-1,29.21%,58.74MiB / 15.72GiB
scalelink-app1-1,28.29%,59.26MiB / 15.72GiB
scalelink-redis-1,13.23%,5.848MiB / 15.72GiB
relaxed_perlman,37.94%,75.36MiB / 15.72GiB
scalelink-nginx-1,11.23%,11.14MiB / 15.72GiB
scalelink-app2-1,43.32%,58.82MiB / 15.72GiB
scalelink-app1-1,25.81%,59.71MiB / 15.72GiB
scalelink-redis-1,10.62%,6.324MiB / 15.72GiB
relaxed_perlman,39.51%,75.61MiB / 15.72GiB
scalelink-nginx-1,10.74%,11.01MiB / 15.72GiB
scalelink-app2-1,28.11%,59.87MiB / 15.72GiB
scalelink-app1-1,29.38%,59.06MiB / 15.72GiB
scalelink-redis-1,10.22%,6.57MiB / 15.72GiB
