scalelink-nginx-1,10.22%,10.67MiB / 15.72GiB
scalelink-app1-1,37.14%,39.62MiB / 15.72GiB
scalelink-app2-1,37.12%,39.76MiB / 15.72GiB
scalelink-redis-1,5.59%,5.43MiB / 15.72GiB
determined_bohr,36.16%,38.86MiB / 15.72GiB
determined_bohr,35.64%,43.84MiB / 15.72GiB
scalelink-nginx-1,10.04%,10.77MiB / 15.72GiB
scalelink-app1-1,32.65%,56.56MiB / 15.72GiB
scalelink-app2-1,31.41%,56.95MiB / 15.72GiB
scalelink-redis-1,8.75%,5.348MiB / 15.72GiB
determined_bohr,36.17%,45.07MiB / 15.72GiB
scalelink-nginx-1,9.86%,11.04MiB / 15.72GiB
scalelink-app1-1,26.34%,58.7MiB / 15.72GiB
scalelink-app2-1,26.57%,58.71MiB / 15.72GiB
scalelink-redis-1,5.64%,5.363MiB / 15.72GiB
determined_bohr,36.83%,45.05MiB / 15.72GiB
scalelink-nginx-1,10.18%,10.82MiB / 15.72GiB
scalelink-app1-1,21.46%,59.94MiB / 15.72GiB
scalelink-app2-1,21.41%,59.71MiB / 15.72GiB
scalelink-redis-1,4.95%,5.383MiB / 15.72GiB
determined_bohr,34.24%,45.03MiB / 15.72GiB
scalelink-nginx-1,9.96%,11.01MiB / 15.72GiB
scalelink-app1-1,18.25%,59.86MiB / 15.72GiB
scalelink-app2-1,20.04%,60.5MiB / 15.72GiB
scalelink-redis-1,5.45%,5.258MiB / 15.72GiB
determined_bohr,34.86%,45.49MiB / 15.72GiB
scalelink-nginx-1,9.09%,10.79MiB / 15.72GiB
scalelink-app1-1,20.20%,59.55MiB / 15.72GiB
scalelink-app2-1,20.75%,59.64MiB / 15.72GiB
scalelink-redis-1,4.98%,4.68MiB / 15.72GiB
determined_bohr,36.41%,45.96MiB / 15.72GiB
scalelink-nginx-1,9.67%,11.03MiB / 15.72GiB
scalelink-app1-1,19.72%,59.78MiB / 15.72GiB
scalelink-app2-1,22.37%,60.23MiB / 15.72GiB
scalelink-redis-1,7.57%,5.094MiB / 15.72GiB
scalelink-nginx-1,9.66%,10.97MiB / 15.72GiB
scalelink-app1-1,35.87%,59.95MiB / 15.72GiB
scalelink-app2-1,12.91%,59.34MiB / 15.72GiB
scalelink-redis-1,3.33%,4.461MiB / 15.72GiB
