scalelink-nginx-1,21.61%,11.56MiB / 15.72GiB
scalelink-app1-1,38.06%,69.85MiB / 15.72GiB
scalelink-app2-1,41.21%,63.04MiB / 15.72GiB
scalelink-redis-1,11.29%,44.96MiB / 15.72GiB
festive_boyd,62.35%,173.2MiB / 15.72GiB
festive_boyd,80.92%,207.7MiB / 15.72GiB
scalelink-nginx-1,30.29%,12.64MiB / 15.72GiB
scalelink-app1-1,53.54%,83.86MiB / 15.72GiB
scalelink-app2-1,55.10%,68.61MiB / 15.72GiB
scalelink-redis-1,11.50%,44.64MiB / 15.72GiB
festive_boyd,76.88%,241MiB / 15.72GiB
scalelink-nginx-1,32.54%,12.63MiB / 15.72GiB
scalelink-app1-1,54.54%,83.43MiB / 15.72GiB
scalelink-app2-1,72.91%,68.39MiB / 15.72GiB
scalelink-redis-1,15.27%,44.82MiB / 15.72GiB
festive_boyd,74.74%,245.2MiB / 15.72GiB
scalelink-nginx-1,30.11%,12.79MiB / 15.72GiB
scalelink-app1-1,54.38%,72.07MiB / 15.72GiB
scalelink-app2-1,53.74%,70.36MiB / 15.72GiB
scalelink-redis-1,11.48%,44.81MiB / 15.72GiB
festive_boyd,78.99%,246.2MiB / 15.72GiB
scalelink-nginx-1,33.08%,12.73MiB / 15.72GiB
scalelink-app1-1,60.90%,70.9MiB / 15.72GiB
scalelink-app2-1,60.52%,69.21MiB / 15.72GiB
scalelink-redis-1,12.41%,44.82MiB / 15.72GiB
festive_boyd,63.60%,246.9MiB / 15.72GiB
scalelink-nginx-1,32.96%,12.67MiB / 15.72GiB
scalelink-app1-1,59.36%,71.2MiB / 15.72GiB
scalelink-app2-1,56.85%,68.48MiB / 15.72GiB
scalelink-redis-1,15.27%,44.58MiB / 15.72GiB
festive_boyd,59.96%,250.9MiB / 15.72GiB
scalelink-nginx-1,31.29%,12.46MiB / 15.72GiB
scalelink-app1-1,57.81%,71.37MiB / 15.72GiB
scalelink-app2-1,55.09%,71MiB / 15.72GiB
scalelink-redis-1,12.05%,45.04MiB / 15.72GiB
festive_boyd,60.56%,257.2MiB / 15.72GiB
scalelink-nginx-1,31.18%,12.56MiB / 15.72GiB
scalelink-app1-1,59.74%,74.24MiB / 15.72GiB
scalelink-app2-1,73.23%,68.41MiB / 15.72GiB
scalelink-redis-1,14.07%,44.74MiB / 15.72GiB
festive_boyd,63.07%,257.2MiB / 15.72GiB
scalelink-nginx-1,31.43%,12.74MiB / 15.72GiB
scalelink-app1-1,54.53%,74.78MiB / 15.72GiB
scalelink-app2-1,52.77%,69.21MiB / 15.72GiB
scalelink-redis-1,14.25%,44.54MiB / 15.72GiB
