scalelink-nginx-1,10.78%,10.69MiB / 15.72GiB
scalelink-app1-1,50.96%,43.25MiB / 15.72GiB
scalelink-app2-1,52.06%,43.16MiB / 15.72GiB
scalelink-redis-1,6.83%,4.277MiB / 15.72GiB
dreamy_newton,37.25%,52.19MiB / 15.72GiB
dreamy_newton,40.62%,58.94MiB / 15.72GiB
scalelink-nginx-1,10.79%,10.72MiB / 15.72GiB
scalelink-app1-1,44.99%,57.69MiB / 15.72GiB
scalelink-app2-1,45.17%,56.53MiB / 15.72GiB
scalelink-redis-1,10.06%,4.949MiB / 15.72GiB
dreamy_newton,34.56%,71.43MiB / 15.72GiB
scalelink-nginx-1,10.55%,11.3MiB / 15.72GiB
scalelink-app1-1,37.49%,59.09MiB / 15.72GiB
scalelink-app2-1,36.25%,59.36MiB / 15.72GiB
scalelink-redis-1,10.47%,4.949MiB / 15.72GiB
dreamy_newton,39.55%,73.17MiB / 15.72GiB
scalelink-nginx-1,10.37%,10.81MiB / 15.72GiB
scalelink-app1-1,30.49%,60.7MiB / 15.72GiB
scalelink-app2-1,31.40%,60.41MiB / 15.72GiB
scalelink-redis-1,12.20%,5.543MiB / 15.72GiB
dreamy_newton,41.79%,73.91MiB / 15.72GiB
scalelink-nginx-1,11.38%,10.9MiB / 15.72GiB
scalelink-app1-1,33.83%,59MiB / 15.72GiB
scalelink-app2-1,33.87%,59.52MiB / 15.72GiB
scalelink-redis-1,12.63%,5.863MiB / 15.72GiB
dreamy_newton,36.99%,73.91MiB / 15.72GiB
scalelink-nginx-1,11.63%,11.13MiB / 15.72GiB
scalelink-app1-1,32.25%,60.98MiB / 15.72GiB
scalelink-app2-1,29.13%,59.35MiB / 15.72GiB
scalelink-redis-1,10.83%,6.031MiB / 15.72GiB
dreamy_newton,36.15%,75.15MiB / 15.72GiB
scalelink-nginx-1,11.08%,11.16MiB / 15.72GiB
scalelink-app1-1,30.73%,59.45MiB / 15.72GiB
scalelink-app2-1,31.32%,59.31MiB / 15.72GiB
scalelink-redis-1,10.31%,5.977MiB / 15.72GiB
dreamy_newton,39.86%,75.13MiB / 15.72GiB
scalelink-nginx-1,10.82%,11.2MiB / 15.72GiB
scalelink-app1-1,24.97%,59.57MiB / 15.72GiB
scalelink-app2-1,28.02%,59.57MiB / 15.72GiB
scalelink-redis-1,12.46%,6.188MiB / 15.72GiB
dreamy_newton,40.94%,75.12MiB / 15.72GiB
scalelink-nginx-1,10.91%,11.29MiB / 15.72GiB
scalelink-app1-1,25.03%,59.44MiB / 15.72GiB
scalelink-app2-1,26.66%,59.83MiB / 15.72GiB
scalelink-redis-1,10.72%,6.641MiB / 15.72GiB
